{
    "name": "easyticker",
    "title": "jQuery Easy Ticker",
    "description": "jQuery easy ticker is a news ticker like plugin, which scrolls the list infinitely. It is highly customizable, flexible with lot of features and works in all browsers. Tags: slider, vertical, animation, effect, ticker, news, rss, feed, easing, horizontal",
    "keywords": [
		"slider",
        "jquery",
        "animation",
		"effect",
		"ticker",
		"news",
		"rss",
		"feed",
		"vertical",
		"easing"
    ],
    "version": "3.0.0",
    "author": {
        "name": "Aakash Chakravarthy",
        "url": "https://www.aakashweb.com/"
    },
    "licenses": [
        {
            "type": "MIT",
            "url": "https://opensource.org/licenses/mit-license.php"
        }
    ],
    "bugs": "https://www.aakashweb.com/jquery-plugins/easy-ticker/",
    "homepage": "https://www.aakashweb.com/jquery-plugins/easy-ticker/",
    "docs": "https://www.aakashweb.com/jquery-plugins/easy-ticker/#docs",
    "demo": "https://www.aakashweb.com/demos/jquery-easy-ticker/",
    "dependencies": {
        "jquery": ">=1.7"
    }
}